"Name","LastWriteTime"
"IMG-20250830-WA0027.jpg","31/08/2025 6:43:52"
"IMG-20251004-WA0005.jpg","06/10/2025 2:11:06"
"IMG-20251004-WA0003.jpg","06/10/2025 2:11:08"
"IMG-20251004-WA0002.jpg","06/10/2025 2:11:09"
"IMG-20251101-WA0072.jpg","03/11/2025 2:42:50"
"IMG-20251101-WA0068.jpg","03/11/2025 2:42:52"
"IMG-20251101-WA0027.jpg","03/11/2025 2:43:02"
"IMG-20251108-WA0111.jpg","09/11/2025 5:16:22"
"IMG-20251108-WA0110.jpg","09/11/2025 5:16:23"
"IMG-20251108-WA0107.jpg","09/11/2025 5:16:24"
"IMG-20251108-WA0063.jpg","09/11/2025 5:16:45"
"IMG-20251108-WA0062.jpg","09/11/2025 5:16:45"
"IMG-20251108-WA0061.jpg","09/11/2025 5:16:46"
"IMG-20251108-WA0060.jpg","09/11/2025 5:16:46"
"IMG-20251108-WA0039.jpg","09/11/2025 5:16:59"
"IMG-20251110-WA0042.jpg","11/11/2025 5:00:35"
"IMG-20251122-WA0016.jpg","23/11/2025 3:25:53"
"IMG-20251122-WA0015.jpg","23/11/2025 3:25:53"
"IMG-20251122-WA0009.jpg","23/11/2025 3:25:56"
"IMG-20251130-WA0030.jpg","30/11/2025 4:59:18"
"IMG-20251130-WA0012.jpg","30/11/2025 4:59:22"
"IMG-20251207-WA0007.jpg","08/12/2025 3:59:51"
"IMG-20251219-WA0042.jpg","19/12/2025 22:30:47"
"IMG-20251219-WA0061.jpg","19/12/2025 22:31:19"
"IMG-20251221-WA0009.jpg","21/12/2025 2:08:05"
"IMG-20251221-WA0021.jpg","21/12/2025 2:08:31"
"IMG-20260108-WA0045.jpg","08/01/2026 13:44:44"
"Screenshot_2026-02-08-15-16-49-854_com.zhiliaoapp.musically.jpg","08/02/2026 15:16:51"
"VID-20260215-WA0003.mp4","15/02/2026 12:25:46"
"IMG-20260317-WA0011.jpg","17/03/2026 8:16:04"
"IMG-20260322-WA0029.jpg","22/03/2026 13:13:37"
"IMG-20260322-WA0030.jpg","22/03/2026 13:13:37"
"Screenshot_2026-03-27-22-22-26-639_com.bereal.ft-edit.jpg","27/03/2026 22:22:33"
"IMG-20260328-WA0059.jpg","28/03/2026 14:35:51"
"IMG-20260328-WA0061.jpg","28/03/2026 14:35:52"
"IMG-20260328-WA0062.jpg","28/03/2026 14:35:52"
"VID_20260510_114019_097.mp4","10/05/2026 20:40:26"
"IMG-20260510-WA0097.jpg","10/05/2026 20:42:38"
"IMG_20260530_105256.jpg","30/05/2026 10:52:56"
"IMG-20260530-WA0004.jpg","30/05/2026 21:17:07"
"IMG-20260612-WA0011.jpg","12/06/2026 22:05:11"
"433fe314-7186-4d3f-8067-7765e6741d4f.jpg","15/06/2026 0:15:37"
"IMG-20260616-WA0035.jpg","16/06/2026 16:56:41"
"IMG-20260621-WA0060.jpg","21/06/2026 4:46:39"
"IMG-20260623-WA0028.jpg","23/06/2026 18:42:34"
"IMG-20260630-WA0004.jpg","30/06/2026 17:58:52"
"IMG-20260630-WA0015.jpg","30/06/2026 17:59:03"
"IMG-20260630-WA0014.jpg","30/06/2026 17:59:03"
"IMG-20260630-WA0021.jpg","30/06/2026 18:01:47"
"IMG-20260630-WA0039.jpg","30/06/2026 18:02:02"
"IMG-20260702-WA0006.jpg","02/07/2026 16:13:25"
"IMG-20260705-WA0005.jpg","05/07/2026 1:29:01"
"IMG-20260705-WA0043.jpg","05/07/2026 1:29:34"
"IMG-20260705-WA0044.jpg","05/07/2026 1:29:35"
"IMG-20260705-WA0068.jpg","05/07/2026 11:12:34"
"Screenshot_2026-07-07-22-04-52-953_com.zhiliaoapp.musically-edit.jpg","07/07/2026 22:05:01"
"IMG-20260716-WA0004.jpg","16/07/2026 11:03:52"
"IMG-20260716-WA0003.jpg","16/07/2026 11:03:52"
"IMG-20260716-WA0007.jpg","16/07/2026 11:03:54"
"IMG-20260716-WA0016.jpg","16/07/2026 11:04:00"
"IMG-20260720-WA0034.jpg","20/07/2026 1:33:37"
"IMG-20260809-WA0005.jpg","09/08/2026 12:59:46"
"IMG-20260809-WA0011.jpg","09/08/2026 12:59:49"
"IMG-20260809-WA0022.jpg","09/08/2026 16:03:41"
"IMG_20260811_125618.jpg","11/08/2026 12:56:18"
"IMG-20260814-WA0002.jpg","14/08/2026 3:46:33"
"IMG-20260814-WA0008.jpg","14/08/2026 3:46:39"
"IMG-20260814-WA0009.jpg","14/08/2026 3:46:40"
"IMG-20260814-WA0010.jpg","14/08/2026 3:46:41"
"IMG-20260814-WA0017.jpg","14/08/2026 3:50:18"
